id,created_time,creator_id,modified_time,modifier_id,is_deleted,name,group,path,is_exist,order_num,file_type,ext,status,searchable,filterable,quickSearch,active
49,2024-02-01 14:31:22.214129,1,2024-06-20 02:37:50.924022,1,0,douyu,t4/files/txt,t4/files/txt/douyu.txt,True,49,.txt,,1,0,0,0,True
9,2024-02-01 14:31:22.073461,1,2024-06-20 02:37:48.772393,1,0,两个BT,t4/spiders,t4/spiders/两个BT.py,True,9,.py,{{host}}/files/hipy/两个BT.json,1,1,1,0,True
4,2024-02-01 14:31:22.053370,1,2024-06-20 02:37:48.780568,1,0,base_spider,t4/spiders,t4/spiders/base_spider.py,True,0,.py,,1,1,1,0,False
320,2024-05-25 15:45:01.740150,1,2024-06-20 02:37:50.119963,1,0,iFun,t4/files/drpy_js,t4/files/drpy_js/iFun.js,True,314,.js,,1,1,1,0,True
11,2024-02-01 14:31:22.082471,1,2024-06-20 02:37:48.862135,1,0,喵次元,t4/spiders,t4/spiders/喵次元.py,True,11,.py,,1,1,1,0,True
7,2024-02-01 14:31:22.066253,1,2024-06-20 02:37:48.873618,1,0,test_1,t4/spiders,t4/spiders/test_1.txt,True,9999,.txt,,1,0,0,0,True
40,2024-02-01 14:31:22.179776,1,2024-06-20 02:37:50.535190,1,0,mod,t4/files/drpy_libs,t4/files/drpy_libs/mod.js,True,40,.js,,1,0,0,0,True
267,2024-05-15 06:21:15.245255,1,2024-06-20 02:37:48.879504,1,0,思古影视[V2],t4/files/drpy_js,t4/files/drpy_js/思古影视[V2].js,True,261,.js,,1,1,1,0,True
44,2024-02-01 14:31:22.194524,1,2024-06-20 02:37:50.499045,1,0,模板,t4/files/drpy_libs,t4/files/drpy_libs/模板.js,True,44,.js,,1,0,0,0,True
283,2024-05-16 08:22:11.800032,1,2024-06-20 02:37:49.113339,1,0,星云影视,t4/files/drpy_js,t4/files/drpy_js/星云影视.js,True,277,.js,,1,1,0,0,True
42,2024-02-01 14:31:22.187826,1,2024-06-20 02:37:50.666100,1,0,searchFilter,t4/files/drpy_libs,t4/files/drpy_libs/searchFilter.js,True,42,.js,,1,0,0,0,True
38,2024-02-01 14:31:22.174162,1,2024-06-20 02:37:50.505830,1,0,gbk,t4/files/drpy_libs,t4/files/drpy_libs/gbk.js,True,38,.js,,1,0,0,0,True
34,2024-02-01 14:31:22.161255,1,2024-06-20 02:37:50.513398,1,0,drpy2.min,t4/files/drpy_libs,t4/files/drpy_libs/drpy2.min.js,True,34,.js,,1,0,0,0,True
319,2024-05-25 15:45:01.602023,1,2024-06-20 02:37:49.815897,1,0,看客影院,t4/files/drpy_js,t4/files/drpy_js/看客影院.js,True,313,.js,,1,1,0,0,True
279,2024-05-16 08:22:11.695928,1,2024-06-20 02:37:48.885784,1,0,看看影视,t4/files/drpy_js,t4/files/drpy_js/看看影视.js,True,273,.js,,1,1,0,0,True
36,2024-02-01 14:31:22.167772,1,2024-06-20 02:37:50.619487,1,0,es6py,t4/files/drpy_libs,t4/files/drpy_libs/es6py.js,True,36,.js,,1,0,0,0,True
43,2024-02-01 14:31:22.191456,1,2024-06-20 02:37:50.690371,1,0,sortName,t4/files/drpy_libs,t4/files/drpy_libs/sortName.js,True,43,.js,,1,0,0,0,True
54,2024-02-02 15:59:25.736026,1,2024-06-20 02:37:49.858081,1,0,在线之家,t4/files/drpy_js,t4/files/drpy_js/在线之家.js,True,54,.js,,1,1,1,0,True
362,2024-06-08 01:52:31.762835,1,2024-06-20 02:37:49.609146,1,0,黑料不打烊-z,t4/files/drpy_js,t4/files/drpy_js/黑料不打烊-z.js,True,356,.js,,1,1,1,0,True
287,2024-05-16 08:22:12.153112,1,2024-06-20 02:37:50.014197,1,0,快看影视,t4/files/drpy_js,t4/files/drpy_js/快看影视.js,True,281,.js,,1,1,0,0,True
3,2024-02-01 14:31:22.048522,1,2024-06-20 02:37:48.840916,1,0,base_spider,t4/spiders,t4/spiders/base_spider.json,True,9999,.json,,1,0,0,0,True
31,2024-02-01 14:31:22.150591,1,2024-06-20 02:37:50.527509,1,0,crypto-js,t4/files/drpy_libs,t4/files/drpy_libs/crypto-js.js,True,31,.js,,1,0,0,0,True
37,2024-02-01 14:31:22.171107,1,2024-06-20 02:37:50.547426,1,0,exRegExp,t4/files/drpy_libs,t4/files/drpy_libs/exRegExp.js,True,37,.js,,1,0,0,0,True
27,2024-02-01 14:31:22.138315,1,2024-06-20 02:37:50.563020,1,0,atob,t4/files/drpy_libs,t4/files/drpy_libs/atob.js,True,27,.js,,1,0,0,0,True
64,2024-02-05 09:48:57.436728,1,2024-06-20 02:37:50.571909,1,0,qjs_env,t4/files/drpy_libs,t4/files/drpy_libs/qjs_env.js,True,64,.js,,1,0,0,0,True
33,2024-02-01 14:31:22.158067,1,2024-06-20 02:37:50.612838,1,0,drpy2,t4/files/drpy_libs,t4/files/drpy_libs/drpy2.js,True,33,.js,,1,0,0,0,True
39,2024-02-01 14:31:22.177056,1,2024-06-20 02:37:50.626457,1,0,live2cms,t4/files/drpy_libs,t4/files/drpy_libs/live2cms.js,True,39,.js,,1,0,0,0,True
29,2024-02-01 14:31:22.144645,1,2024-06-20 02:37:50.682747,1,0,cheerio.min,t4/files/drpy_libs,t4/files/drpy_libs/cheerio.min.js,True,29,.js,,1,0,0,0,True
35,2024-02-01 14:31:22.164177,1,2024-06-20 02:37:50.699245,1,0,drT,t4/files/drpy_libs,t4/files/drpy_libs/drT.js,True,35,.js,,1,0,0,0,True
14,2024-02-01 14:31:22.093364,1,2024-06-20 02:37:48.802785,1,0,樱花动漫,t4/spiders,t4/spiders/樱花动漫.py,True,14,.py,https://jihulab.com/qiaoji/open/-/raw/main/yinghua,1,1,1,0,True
8,2024-02-01 14:31:22.069500,1,2024-06-20 02:37:48.814645,1,0,两个BT,t4/spiders,t4/spiders/两个BT.json,True,9999,.json,,1,0,0,0,True
285,2024-05-16 08:22:11.907660,1,2024-06-20 02:37:49.332711,1,0,孜然影视,t4/files/drpy_js,t4/files/drpy_js/孜然影视.js,True,279,.js,,1,1,0,0,True
344,2024-05-30 18:55:04.441384,1,2024-06-20 02:37:49.392189,1,0,易搜[搜],t4/files/drpy_js,t4/files/drpy_js/易搜[搜].js,True,338,.js,,1,1,0,0,True
30,2024-02-01 14:31:22.147509,1,2024-06-20 02:37:50.675170,1,0,crypto-hiker,t4/files/drpy_libs,t4/files/drpy_libs/crypto-hiker.js,True,30,.js,,1,0,0,0,True
12,2024-02-01 14:31:22.085792,1,2024-06-20 02:37:48.827551,1,0,新浪资源,t4/spiders,t4/spiders/新浪资源.py,True,12,.py,,1,1,1,0,True
13,2024-02-01 14:31:22.089587,1,2024-06-20 02:37:48.833811,1,0,樱花动漫,t4/spiders,t4/spiders/樱花动漫.json,True,9999,.json,,1,0,0,0,True
6,2024-02-01 14:31:22.061431,1,2024-06-20 02:37:48.855795,1,0,cntv央视,t4/spiders,t4/spiders/cntv央视.py,True,0,.py,{{host}}/files/hipy/cntv央视.json,1,1,1,0,True
332,2024-05-28 03:41:22.842135,1,2024-06-20 02:37:48.956085,1,0,爱看hd,t4/files/drpy_js,t4/files/drpy_js/爱看hd.js,True,326,.js,,1,1,0,0,True
25,2024-02-01 14:31:22.131846,1,2024-06-20 02:37:50.519809,1,0,alist,t4/files/drpy_libs,t4/files/drpy_libs/alist.js,True,25,.js,,1,0,0,0,True
28,2024-02-01 14:31:22.141613,1,2024-06-20 02:37:50.706825,1,0,base64,t4/files/drpy_libs,t4/files/drpy_libs/base64.js,True,28,.js,,1,0,0,0,True
45,2024-02-01 14:31:22.197684,1,2024-06-20 02:37:50.760072,1,0,alist,t4/files/json,t4/files/json/alist.json,True,45,.json,,1,0,0,0,True
41,2024-02-01 14:31:22.183051,1,2024-06-20 02:37:50.722157,1,0,rsa,t4/files/drpy_libs,t4/files/drpy_libs/rsa.js,True,41,.js,,1,0,0,0,True
50,2024-02-01 14:31:22.217894,1,2024-06-20 02:37:50.945734,1,0,huya,t4/files/txt,t4/files/txt/huya.txt,True,50,.txt,,1,0,0,0,True
354,2024-06-05 15:25:08.439074,1,2024-06-20 02:37:49.149529,1,0,番茄小说[书],t4/files/drpy_js,t4/files/drpy_js/番茄小说[书].js,True,348,.js,,1,1,1,0,True
318,2024-05-25 15:45:01.302243,1,2024-06-20 02:37:49.339452,1,0,黑木耳资源[资],t4/files/drpy_js,t4/files/drpy_js/黑木耳资源[资].js,True,312,.js,,1,1,0,1,True
91,2024-03-10 11:22:54.431043,1,2024-06-20 02:37:51.208397,1,0,alist,t4/files/drpy3_js,t4/files/drpy3_js/alist.json,True,85,.json,,1,0,0,0,True
76,2024-02-20 16:25:29.526731,1,2024-06-20 02:37:50.930605,1,0,tv,t4/files/txt,t4/files/txt/tv.txt,True,70,.txt,,1,0,0,0,True
47,2024-02-01 14:31:22.206951,1,2024-06-20 02:37:50.917779,1,0,config,t4/files/txt,t4/files/txt/config.txt,True,47,.txt,,1,0,0,0,True
78,2024-03-08 15:53:21.065726,1,2024-06-20 02:37:51.120718,1,0,cheerio.min,t4/files/drpy3_libs,t4/files/drpy3_libs/cheerio.min.js,True,72,.js,,1,0,0,0,True
119,2024-03-10 11:22:54.566374,1,2024-06-20 02:37:51.244408,1,0,yyets,t4/files/drpy3_js,t4/files/drpy3_js/yyets.js,True,113,.js,,1,0,0,0,True
122,2024-03-10 11:22:54.581446,1,2024-06-20 02:37:51.256164,1,0,吸瓜,t4/files/drpy3_js,t4/files/drpy3_js/吸瓜.js,True,116,.js,,1,0,0,0,True
98,2024-03-10 11:22:54.466196,1,2024-06-20 02:37:51.262924,1,0,funletu,t4/files/drpy3_js,t4/files/drpy3_js/funletu.js,True,92,.js,,1,0,0,0,True
67,2024-02-05 09:56:10.488387,1,2024-06-20 02:37:51.042196,1,0,哔哩,t4/files/js_parse_api,t4/files/js_parse_api/哔哩.js,True,67,.js,,1,0,0,0,True
125,2024-03-19 11:00:53.115130,1,2024-06-20 02:37:51.060465,1,0,drpy3.hiker,t4/files/drpy3_libs,t4/files/drpy3_libs/drpy3.hiker.js,True,119,.js,,1,0,0,0,True
83,2024-03-08 15:53:21.079211,1,2024-06-20 02:37:51.068016,1,0,模板,t4/files/drpy3_libs,t4/files/drpy3_libs/模板.js,True,77,.js,,1,0,0,0,True
80,2024-03-08 15:53:21.072166,1,2024-06-20 02:37:51.128834,1,0,drpy3,t4/files/drpy3_libs,t4/files/drpy3_libs/drpy3.js,True,74,.js,,1,0,0,0,True
102,2024-03-10 11:22:54.485559,1,2024-06-20 02:37:51.144369,1,0,jiyingwp,t4/files/drpy3_js,t4/files/drpy3_js/jiyingwp.js,True,96,.js,,1,0,0,0,True
88,2024-03-10 11:22:54.415189,1,2024-06-20 02:37:51.168034,1,0,4khdr,t4/files/drpy3_js,t4/files/drpy3_js/4khdr.js,True,82,.js,,1,0,0,0,True
92,2024-03-10 11:22:54.436023,1,2024-06-20 02:37:51.229373,1,0,banan,t4/files/drpy3_js,t4/files/drpy3_js/banan.js,True,86,.js,,1,0,0,0,True
93,2024-03-10 11:22:54.441055,1,2024-06-20 02:37:51.236090,1,0,cilixiong,t4/files/drpy3_js,t4/files/drpy3_js/cilixiong.js,True,87,.js,,1,0,0,0,True
105,2024-03-10 11:22:54.499477,1,2024-06-20 02:37:51.269581,1,0,lf_live,t4/files/drpy3_js,t4/files/drpy3_js/lf_live.txt,True,99,.txt,,1,0,0,0,True
99,2024-03-10 11:22:54.471919,1,2024-06-20 02:37:51.275825,1,0,huya,t4/files/drpy3_js,t4/files/drpy3_js/huya.js,True,93,.js,,1,0,0,0,True
94,2024-03-10 11:22:54.446128,1,2024-06-20 02:37:51.283865,1,0,cilixiongp,t4/files/drpy3_js,t4/files/drpy3_js/cilixiongp.js,True,88,.js,,1,0,0,0,True
106,2024-03-10 11:22:54.504301,1,2024-06-20 02:37:51.290943,1,0,lf_live1,t4/files/drpy3_js,t4/files/drpy3_js/lf_live1.txt,True,100,.txt,,1,0,0,0,True
95,2024-03-10 11:22:54.451334,1,2024-06-20 02:37:51.318367,1,0,ddys_d,t4/files/drpy3_js,t4/files/drpy3_js/ddys_d.js,True,89,.js,,1,0,0,0,True
89,2024-03-10 11:22:54.420127,1,2024-06-20 02:37:51.337934,1,0,97tvs,t4/files/drpy3_js,t4/files/drpy3_js/97tvs.js,True,83,.js,,1,0,0,0,True
104,2024-03-10 11:22:54.494281,1,2024-06-20 02:37:51.343995,1,0,kuba,t4/files/drpy3_js,t4/files/drpy3_js/kuba.js,True,98,.js,,1,0,0,0,True
85,2024-03-10 11:22:54.396452,1,2024-06-20 02:37:51.365383,1,0,1080P,t4/files/drpy3_js,t4/files/drpy3_js/1080P.js,True,79,.js,,1,0,0,0,True
97,2024-03-10 11:22:54.461295,1,2024-06-20 02:37:51.384360,1,0,dygang,t4/files/drpy3_js,t4/files/drpy3_js/dygang.js,True,91,.js,,1,0,0,0,True
120,2024-03-10 11:22:54.570699,1,2024-06-20 02:37:51.423440,1,0,yyetsp,t4/files/drpy3_js,t4/files/drpy3_js/yyetsp.js,True,114,.js,,1,0,0,0,True
96,2024-03-10 11:22:54.456638,1,2024-06-20 02:37:51.438356,1,0,dydhhy,t4/files/drpy3_js,t4/files/drpy3_js/dydhhy.js,True,90,.js,,1,0,0,0,True
79,2024-03-08 15:53:21.070369,1,2024-06-20 02:37:51.087154,1,0,crypto-js,t4/files/drpy3_libs,t4/files/drpy3_libs/crypto-js.js,True,73,.js,,1,0,0,0,True
100,2024-03-10 11:22:54.476378,1,2024-06-20 02:37:51.461460,1,0,jianpian,t4/files/drpy3_js,t4/files/drpy3_js/jianpian.js,True,94,.js,,1,0,0,0,True
101,2024-03-10 11:22:54.481020,1,2024-06-20 02:37:51.478239,1,0,jiyingw,t4/files/drpy3_js,t4/files/drpy3_js/jiyingw.js,True,95,.js,,1,0,0,0,True
86,2024-03-10 11:22:54.404715,1,2024-06-20 02:37:51.494339,1,0,18av,t4/files/drpy3_js,t4/files/drpy3_js/18av.js,True,80,.js,,1,0,0,0,True
90,2024-03-10 11:22:54.425029,1,2024-06-20 02:37:51.508559,1,0,aipanso,t4/files/drpy3_js,t4/files/drpy3_js/aipanso.js,True,84,.js,,1,0,0,0,True
282,2024-05-16 08:22:11.775273,1,2024-06-20 02:37:49.010384,1,0,蓝光影视,t4/files/drpy_js,t4/files/drpy_js/蓝光影视.js,True,276,.js,,1,1,0,0,True
284,2024-05-16 08:22:11.811528,1,2024-06-20 02:37:49.156525,1,0,西屋影视,t4/files/drpy_js,t4/files/drpy_js/西屋影视.js,True,278,.js,,1,1,0,0,True
381,2024-06-09 18:53:00.718922,1,2024-06-20 02:37:50.095888,1,0,飞翔鸟[书],t4/files/drpy_js,t4/files/drpy_js/飞翔鸟[书].js,True,375,.js,,1,1,1,0,True
60,2024-02-04 14:21:09.834304,1,2024-06-20 02:37:50.860637,1,0,E8plus,t4/files/json,t4/files/json/E8plus.json,True,60,.json,,1,0,0,0,True
46,2024-02-01 14:31:22.201442,1,2024-06-20 02:37:50.903264,1,0,bili,t4/files/txt,t4/files/txt/bili.txt,True,46,.txt,,1,0,0,0,True
62,2024-02-04 14:21:09.849102,1,2024-06-20 02:37:50.938141,1,0,zb,t4/files/txt,t4/files/txt/zb.txt,True,62,.txt,,1,0,0,0,True
77,2024-03-08 15:53:20.983010,1,2024-06-20 02:37:50.958875,1,0,mytv,t4/files/txt,t4/files/txt/mytv.txt,True,71,.txt,,1,0,0,0,True
48,2024-02-01 14:31:22.210714,1,2024-06-20 02:37:50.965211,1,0,custom,t4/files/txt,t4/files/txt/custom.conf,True,48,.conf,,1,0,0,0,True
65,2024-02-05 09:48:57.517131,1,2024-06-20 02:37:50.985165,1,0,custom_jsapi,t4/files/jar,t4/files/jar/custom_jsapi.jar,True,65,.jar,,1,0,0,0,True
66,2024-02-05 09:48:57.524729,1,2024-06-20 02:37:50.992017,1,0,custom_spider_dz1201,t4/files/jar,t4/files/jar/custom_spider_dz1201.jar,True,66,.jar,,1,0,0,0,True
82,2024-03-08 15:53:21.077160,1,2024-06-20 02:37:51.077421,1,0,gbk,t4/files/drpy3_libs,t4/files/drpy3_libs/gbk.js,True,76,.js,,1,0,0,0,True
121,2024-03-10 11:22:54.575765,1,2024-06-20 02:37:51.376818,1,0,养端,t4/files/drpy3_js,t4/files/drpy3_js/养端.js,True,115,.js,,1,0,0,0,True
87,2024-03-10 11:22:54.410304,1,2024-06-20 02:37:51.487488,1,0,369影视,t4/files/drpy3_js,t4/files/drpy3_js/369影视.js,True,81,.js,,1,0,0,0,True
330,2024-05-27 10:10:44.903811,1,2024-06-20 02:37:49.640912,1,0,爱看农民[优],t4/files/drpy_js,t4/files/drpy_js/爱看农民[优].js,True,324,.js,,1,1,1,1,True
133,2024-03-29 09:09:21.217010,1,2024-06-20 02:37:51.026133,1,0,虾米,t4/files/js_parse_api,t4/files/js_parse_api/虾米.js,True,127,.js,,1,0,0,0,True
51,2024-02-01 14:31:22.221119,1,2024-06-20 02:37:50.952710,1,0,vip_parse,t4/files/txt,t4/files/txt/vip_parse.conf,True,51,.conf,,1,0,0,0,True
112,2024-03-10 11:22:54.531894,1,2024-06-20 02:37:51.222708,1,0,mp4us,t4/files/drpy3_js,t4/files/drpy3_js/mp4us.js,True,106,.js,,1,0,0,0,True
5,2024-02-01 14:31:22.057740,1,2024-06-20 02:37:48.045229,1,0,cntv央视,t4/spiders,t4/spiders/cntv央视.json,True,9999,.json,,1,0,0,0,True
111,2024-03-10 11:22:54.526879,1,2024-06-20 02:37:51.192371,1,0,Missav,t4/files/drpy3_js,t4/files/drpy3_js/Missav.js,True,105,.js,,1,0,0,0,True
2,2024-02-01 14:31:22.043862,1,2024-06-20 02:37:48.795296,1,0,base_java_loader,t4/spiders,t4/spiders/base_java_loader.py,True,0,.py,,1,1,1,0,False
109,2024-03-10 11:22:54.518066,1,2024-06-20 02:37:51.356919,1,0,meijumip,t4/files/drpy3_js,t4/files/drpy3_js/meijumip.js,True,103,.js,,1,0,0,0,True
271,2024-05-15 06:21:15.452280,1,2024-06-20 02:37:49.494490,1,0,蛋蛋赞,t4/files/drpy_js,t4/files/drpy_js/蛋蛋赞.js,True,265,.js,,1,1,1,0,True
288,2024-05-16 08:22:12.282205,1,2024-06-20 02:37:50.310103,1,0,星空影院,t4/files/drpy_js,t4/files/drpy_js/星空影院.js,True,282,.js,,1,1,0,0,True
108,2024-03-10 11:22:54.513700,1,2024-06-20 02:37:51.311924,1,0,meijumi,t4/files/drpy3_js,t4/files/drpy3_js/meijumi.js,True,102,.js,,1,0,0,0,True
124,2024-03-10 11:22:54.592597,1,2024-06-20 02:37:51.446218,1,0,玩偶姐姐,t4/files/drpy3_js,t4/files/drpy3_js/玩偶姐姐.js,True,118,.js,,1,0,0,0,True
113,2024-03-10 11:22:54.536510,1,2024-06-20 02:37:51.469024,1,0,qimiao,t4/files/drpy3_js,t4/files/drpy3_js/qimiao.js,True,107,.js,,1,0,0,0,True
136,2024-05-06 13:28:59.370606,1,2024-06-20 02:37:48.848039,1,0,在线之家,t4/spiders,t4/spiders/在线之家.py,True,130,.py,,1,1,1,0,True
429,2024-06-17 16:35:36.919229,1,2024-06-20 02:37:48.982471,1,0,好趣网[播],t4/files/drpy_js,t4/files/drpy_js/好趣网[播].js,True,423,.js,,1,1,0,0,True
432,2024-06-17 16:35:36.983571,1,2024-06-20 02:37:49.074679,1,0,麻雀视频[优],t4/files/drpy_js,t4/files/drpy_js/麻雀视频[优].js,True,426,.js,,1,1,1,0,True
433,2024-06-17 16:35:37.007061,1,2024-06-20 02:37:49.105331,1,0,第一韩漫[画],t4/files/drpy_js,t4/files/drpy_js/第一韩漫[画].js,True,427,.js,,1,1,0,0,True
127,2024-03-29 09:09:21.022291,1,2024-06-20 02:37:49.257995,1,0,厂长资源,t4/files/drpy_js,t4/files/drpy_js/厂长资源.js,True,121,.js,,1,1,0,0,True
117,2024-03-10 11:22:54.556124,1,2024-06-20 02:37:51.533949,1,0,xb6v,t4/files/drpy3_js,t4/files/drpy3_js/xb6v.js,True,111,.js,,1,0,0,0,True
1,2024-02-01 14:31:22.022744,1,2024-06-20 02:37:48.867744,1,0,ad,t4/spiders,t4/spiders/ad.m3u8,True,9999,.m3u8,,1,0,0,0,True
155,2024-05-06 13:28:59.628363,1,2024-06-20 02:37:49.723719,1,0,大米星球,t4/files/drpy_js,t4/files/drpy_js/大米星球.js,True,149,.js,,1,1,1,0,True
134,2024-03-29 09:09:21.220463,1,2024-06-20 02:37:51.052108,1,0,阳途,t4/files/js_parse_api,t4/files/js_parse_api/阳途.js,True,128,.js,,1,0,0,0,True
116,2024-03-10 11:22:54.551052,1,2024-06-20 02:37:51.332102,1,0,tzfile,t4/files/drpy3_js,t4/files/drpy3_js/tzfile.js,True,110,.js,,1,0,0,0,True
410,2024-06-14 18:03:33.410059,1,2024-06-20 02:37:49.164641,1,0,bilfun(自动),t4/files/drpy_js,t4/files/drpy_js/bilfun(自动).js,True,404,.js,,1,1,1,0,True
331,2024-05-27 12:03:03.995243,1,2024-06-20 02:37:49.190287,1,0,爱看农民2[优],t4/files/drpy_js,t4/files/drpy_js/爱看农民2[优].js,True,325,.js,,1,1,1,1,True
118,2024-03-10 11:22:54.561607,1,2024-06-20 02:37:51.177429,1,0,xzys,t4/files/drpy3_js,t4/files/drpy3_js/xzys.js,True,112,.js,,1,0,0,0,True
114,2024-03-10 11:22:54.541045,1,2024-06-20 02:37:51.304989,1,0,rrdyw,t4/files/drpy3_js,t4/files/drpy3_js/rrdyw.js,True,108,.js,,1,0,0,0,True
10,2024-02-01 14:31:22.077409,1,2024-06-20 02:37:48.787308,1,0,哔滴影视,t4/spiders,t4/spiders/哔滴影视.py,True,10,.py,{{host}}/files/hipy/jars/bidi.jar,1,1,1,0,True
135,2024-05-06 13:28:59.334848,1,2024-06-20 02:37:48.821509,1,0,厂长资源,t4/spiders,t4/spiders/厂长资源.py,True,129,.py,,1,1,1,0,True
126,2024-03-29 09:09:20.999119,1,2024-06-20 02:37:49.243701,1,0,freeok,t4/files/drpy_js,t4/files/drpy_js/freeok.js,True,120,.js,,1,1,0,0,True
395,2024-06-12 10:09:51.875734,1,2024-06-20 02:37:49.345042,1,0,千百视频[密],t4/files/drpy_js,t4/files/drpy_js/千百视频[密].js,True,389,.js,,1,1,1,0,True
440,2024-06-17 16:35:37.397274,1,2024-06-20 02:37:49.601573,1,0,维奇动漫[漫],t4/files/drpy_js,t4/files/drpy_js/维奇动漫[漫].js,True,434,.js,,1,1,1,1,True
103,2024-03-10 11:22:54.489716,1,2024-06-20 02:37:51.527728,1,0,kkpans,t4/files/drpy3_js,t4/files/drpy3_js/kkpans.js,True,97,.js,,1,0,0,0,True
130,2024-03-29 09:09:21.206493,1,2024-06-20 02:37:51.007388,1,0,夜幕,t4/files/js_parse_api,t4/files/js_parse_api/夜幕.js,True,124,.js,,1,0,0,0,True
270,2024-05-15 06:21:15.433748,1,2024-06-20 02:37:49.441458,1,0,蛋蛋剧,t4/files/drpy_js,t4/files/drpy_js/蛋蛋剧.js,True,264,.js,,1,1,1,0,True
441,2024-06-17 16:35:37.502432,1,2024-06-20 02:37:49.731039,1,0,88看球[球],t4/files/drpy_js,t4/files/drpy_js/88看球[球].js,True,435,.js,,1,0,0,0,True
129,2024-03-29 09:09:21.199069,1,2024-06-20 02:37:51.034671,1,0,CK,t4/files/js_parse_api,t4/files/js_parse_api/CK.js,True,123,.js,,1,0,0,0,True
439,2024-06-17 16:35:37.289358,1,2024-06-20 02:37:49.468572,1,0,樱花动漫[漫],t4/files/drpy_js,t4/files/drpy_js/樱花动漫[漫].js,True,433,.js,,1,1,0,0,True
110,2024-03-10 11:22:54.522405,1,2024-06-20 02:37:51.200895,1,0,meow,t4/files/drpy3_js,t4/files/drpy3_js/meow.js,True,104,.js,,1,0,0,0,True
388,2024-06-11 10:05:03.303369,1,2024-06-20 02:37:49.475564,1,0,热片网,t4/files/drpy_js,t4/files/drpy_js/热片网.js,True,382,.js,,1,1,1,0,True
322,2024-05-25 15:45:01.962292,1,2024-06-20 02:37:50.400725,1,0,电影天堂,t4/files/drpy_js,t4/files/drpy_js/电影天堂.js,True,316,.js,,1,1,0,0,True
59,2024-02-04 14:21:09.832085,1,2024-06-20 02:37:50.847247,1,0,bili,t4/files/json,t4/files/json/bili.json,True,59,.json,,1,0,0,0,True
132,2024-03-29 09:09:21.213665,1,2024-06-20 02:37:51.000390,1,0,盘古,t4/files/js_parse_api,t4/files/js_parse_api/盘古.js,True,126,.js,,1,0,0,0,True
131,2024-03-29 09:09:21.210231,1,2024-06-20 02:37:51.016221,1,0,杰森,t4/files/js_parse_api,t4/files/js_parse_api/杰森.js,True,125,.js,,1,0,0,0,True
182,2024-05-06 13:29:00.072149,1,2024-06-20 02:37:50.834432,1,0,pikpakclass.json.db,t4/files/json,t4/files/json/pikpakclass.json.db.gz,True,176,.gz,,1,0,0,0,True
186,2024-05-06 13:29:00.117259,1,2024-06-20 02:37:50.875168,1,0,moli,t4/files/json,t4/files/json/moli.json,True,180,.json,,1,0,0,0,True
188,2024-05-06 13:29:00.130646,1,2024-06-20 02:37:50.889367,1,0,wgcf,t4/files/json,t4/files/json/wgcf.json,True,182,.json,,1,0,0,0,True
191,2024-05-06 13:29:00.223270,1,2024-06-20 02:37:50.978543,1,0,pg,t4/files/jar,t4/files/jar/pg.jar,True,185,.jar,,1,0,0,0,True
192,2024-05-06 13:29:00.323252,1,2024-06-20 02:37:51.095060,1,0,pako.min,t4/files/drpy3_libs,t4/files/drpy3_libs/pako.min.js,True,186,.js,,1,0,0,0,True
107,2024-03-10 11:22:54.508952,1,2024-06-20 02:37:51.298010,1,0,live2mv_data,t4/files/drpy3_js,t4/files/drpy3_js/live2mv_data.json,True,101,.json,,1,0,0,0,True
438,2024-06-17 16:35:37.283601,1,2024-06-20 02:37:49.461756,1,0,大米动漫[漫],t4/files/drpy_js,t4/files/drpy_js/大米动漫[漫].js,True,432,.js,,1,1,0,0,True
389,2024-06-11 10:05:03.445614,1,2024-06-20 02:37:49.575468,1,0,子子影视,t4/files/drpy_js,t4/files/drpy_js/子子影视.js,True,383,.js,,1,1,0,0,True
333,2024-05-28 10:11:14.082974,1,2024-06-20 02:37:49.656126,1,0,胖虎影视,t4/files/drpy_js,t4/files/drpy_js/胖虎影视.js,True,327,.js,,1,1,1,1,True
56,2024-02-02 16:38:12.276321,1,2024-06-20 02:37:49.773579,1,0,555影视[飞],t4/files/drpy_js,t4/files/drpy_js/555影视[飞].js,True,56,.js,,1,1,1,0,True
81,2024-03-08 15:53:21.075372,1,2024-06-20 02:37:51.540782,1,0,drpy3.min,t4/files/drpy3_libs,t4/files/drpy3_libs/drpy3.min.js,False,75,.js,,1,0,0,0,True
390,2024-06-11 10:05:04.084003,1,2024-06-20 02:37:50.293599,1,0,天启,t4/files/drpy_js,t4/files/drpy_js/天启.js,True,384,.js,,1,1,1,0,True
172,2024-05-06 13:28:59.919464,1,2024-06-20 02:37:50.649711,1,0,jsencrypt,t4/files/drpy_libs,t4/files/drpy_libs/jsencrypt.js,True,166,.js,,1,0,0,0,True
75,2024-02-19 18:15:01.925873,1,2024-06-20 02:37:50.735482,1,0,drpy_rules,t4/files/json,t4/files/json/drpy_rules.json,True,69,.json,,1,0,0,0,True
430,2024-06-17 16:35:36.951309,1,2024-06-20 02:37:49.031765,1,0,漫小肆[画],t4/files/drpy_js,t4/files/drpy_js/漫小肆[画].js,True,424,.js,,1,1,0,0,True
431,2024-06-17 16:35:36.977455,1,2024-06-20 02:37:49.065180,1,0,清风DJ[听],t4/files/drpy_js,t4/files/drpy_js/清风DJ[听].js,True,425,.js,,1,1,1,0,True
434,2024-06-17 16:35:37.061611,1,2024-06-20 02:37:49.182097,1,0,次元城动漫[漫],t4/files/drpy_js,t4/files/drpy_js/次元城动漫[漫].js,True,428,.js,,1,1,0,0,True
174,2024-05-06 13:28:59.990672,1,2024-06-20 02:37:50.751916,1,0,tokenm,t4/files/json,t4/files/json/tokenm.json,True,168,.json,,1,0,0,0,True
435,2024-06-17 16:35:37.200860,1,2024-06-20 02:37:49.358490,1,0,OmoFun[漫],t4/files/drpy_js,t4/files/drpy_js/OmoFun[漫].js,True,429,.js,,1,1,1,0,True
436,2024-06-17 16:35:37.235152,1,2024-06-20 02:37:49.398771,1,0,R18撸[密],t4/files/drpy_js,t4/files/drpy_js/R18撸[密].js,True,430,.js,,1,1,1,0,True
446,2024-06-17 16:35:37.585434,1,2024-06-20 02:37:49.829108,1,0,斗鱼直播[官],t4/files/drpy_js,t4/files/drpy_js/斗鱼直播[官].js,True,440,.js,,1,1,1,0,True
396,2024-06-12 10:09:52.379917,1,2024-06-20 02:37:49.971198,1,0,老司视频[密],t4/files/drpy_js,t4/files/drpy_js/老司视频[密].js,True,390,.js,,1,1,1,0,True
180,2024-05-06 13:29:00.057574,1,2024-06-20 02:37:50.812409,1,0,aliproxy,t4/files/json,t4/files/json/aliproxy.gz,True,174,.gz,,1,0,0,0,True
452,2024-06-17 16:35:37.783857,1,2024-06-20 02:37:50.026913,1,0,相声随身听[听],t4/files/drpy_js,t4/files/drpy_js/相声随身听[听].js,True,446,.js,,1,1,1,0,True
170,2024-05-06 13:28:59.904969,1,2024-06-20 02:37:50.634282,1,0,test_rsa,t4/files/drpy_libs,t4/files/drpy_libs/test_rsa.mjs,True,164,.mjs,,1,0,0,0,True
61,2024-02-04 14:21:09.836048,1,2024-06-20 02:37:50.781594,1,0,live2mv_data,t4/files/json,t4/files/json/live2mv_data.json,True,61,.json,,1,0,0,0,True
153,2024-05-06 13:28:59.614970,1,2024-06-20 02:37:49.709134,1,0,白嫖者联盟,t4/files/drpy_js,t4/files/drpy_js/白嫖者联盟.js,True,147,.js,,1,1,0,0,True
442,2024-06-17 16:35:37.508464,1,2024-06-20 02:37:49.739096,1,0,云盘资源网[盘],t4/files/drpy_js,t4/files/drpy_js/云盘资源网[盘].js,True,436,.js,,1,1,1,1,True
444,2024-06-17 16:35:37.520877,1,2024-06-20 02:37:49.753288,1,0,虎牙直播[官],t4/files/drpy_js,t4/files/drpy_js/虎牙直播[官].js,True,438,.js,,1,1,1,0,True
415,2024-06-15 06:37:46.151277,1,2024-06-20 02:37:49.759914,1,0,黑狐影院,t4/files/drpy_js,t4/files/drpy_js/黑狐影院.js,True,409,.js,,1,1,0,0,True
445,2024-06-17 16:35:37.532546,1,2024-06-20 02:37:49.766178,1,0,动漫网[漫],t4/files/drpy_js,t4/files/drpy_js/动漫网[漫].js,True,439,.js,,1,1,0,0,True
447,2024-06-17 16:35:37.654708,1,2024-06-20 02:37:49.905182,1,0,恒大影视[密],t4/files/drpy_js,t4/files/drpy_js/恒大影视[密].js,True,441,.js,,1,1,1,0,True
448,2024-06-17 16:35:37.669656,1,2024-06-20 02:37:49.917160,1,0,爱车MV[听],t4/files/drpy_js,t4/files/drpy_js/爱车MV[听].js,True,442,.js,,1,1,0,0,True
449,2024-06-17 16:35:37.696774,1,2024-06-20 02:37:49.942218,1,0,驴番[漫],t4/files/drpy_js,t4/files/drpy_js/驴番[漫].js,True,443,.js,,1,1,0,0,True
451,2024-06-17 16:35:37.760122,1,2024-06-20 02:37:50.001950,1,0,多多追剧[优],t4/files/drpy_js,t4/files/drpy_js/多多追剧[优].js,True,445,.js,,1,1,0,0,True
453,2024-06-17 16:35:37.820317,1,2024-06-20 02:37:50.076734,1,0,广播迷FM[听],t4/files/drpy_js,t4/files/drpy_js/广播迷FM[听].js,True,447,.js,,1,1,1,0,True
160,2024-05-06 13:28:59.710465,1,2024-06-20 02:37:50.152018,1,0,榜一短剧,t4/files/drpy_js,t4/files/drpy_js/榜一短剧.js,True,154,.js,,1,1,0,0,True
162,2024-05-06 13:28:59.724194,1,2024-06-20 02:37:50.234366,1,0,voflix,t4/files/drpy_js,t4/files/drpy_js/voflix.js,True,156,.js,,1,1,1,0,True
128,2024-03-29 09:09:21.048809,1,2024-06-20 02:37:50.285996,1,0,耐看,t4/files/drpy_js,t4/files/drpy_js/耐看.js,True,122,.js,,1,1,0,0,True
457,2024-06-17 16:35:38.014082,1,2024-06-20 02:37:50.317062,1,0,MuteFun[漫],t4/files/drpy_js,t4/files/drpy_js/MuteFun[漫].js,True,451,.js,,1,1,0,0,True
424,2024-06-17 07:27:22.591333,1,2024-06-20 02:37:50.374341,1,0,最新4K,t4/files/drpy_js,t4/files/drpy_js/最新4K.js,True,418,.js,,1,1,0,0,True
459,2024-06-17 16:35:38.088130,1,2024-06-20 02:37:50.408877,1,0,NT动漫[漫],t4/files/drpy_js,t4/files/drpy_js/NT动漫[漫].js,True,453,.js,,1,1,1,0,True
175,2024-05-06 13:29:00.005490,1,2024-06-20 02:37:50.766767,1,0,小学教育,t4/files/json,t4/files/json/小学教育.json,True,169,.json,,1,0,0,0,True
178,2024-05-06 13:29:00.042172,1,2024-06-20 02:37:50.796219,1,0,thundershare,t4/files/json,t4/files/json/thundershare.txt,True,172,.txt,,1,0,0,0,True
437,2024-06-17 16:35:37.271622,1,2024-06-20 02:37:49.448002,1,0,动漫巴士[漫],t4/files/drpy_js,t4/files/drpy_js/动漫巴士[漫].js,True,431,.js,,1,1,1,1,True
185,2024-05-06 13:29:00.109933,1,2024-06-20 02:37:50.868350,1,0,pushshare,t4/files/json,t4/files/json/pushshare.txt,True,179,.txt,,1,0,0,0,True
156,2024-05-06 13:28:59.643767,1,2024-06-20 02:37:49.783370,1,0,6V新版[磁],t4/files/drpy_js,t4/files/drpy_js/6V新版[磁].js,True,150,.js,,1,1,1,0,True
369,2024-06-09 11:52:40.550088,1,2024-06-20 02:37:50.131932,1,0,海洋听书[听],t4/files/drpy_js,t4/files/drpy_js/海洋听书[听].js,True,363,.js,,1,1,0,0,True
193,2024-05-06 13:29:00.329209,1,2024-06-20 02:37:51.103385,1,0,jsencrypt,t4/files/drpy3_libs,t4/files/drpy3_libs/jsencrypt.js,True,187,.js,,1,0,0,0,True
215,2024-05-10 10:26:50.005235,1,2024-06-20 02:37:51.517673,1,0,酷云77,t4/files/drpy3_js,t4/files/drpy3_js/酷云77.js,True,209,.js,,1,0,0,0,True
364,2024-06-09 11:52:39.674630,1,2024-06-20 02:37:48.897781,1,0,六月听书[听],t4/files/drpy_js,t4/files/drpy_js/六月听书[听].js,True,358,.js,,1,1,0,0,True
198,2024-05-07 03:06:28.970657,1,2024-06-20 02:37:49.128452,1,0,TVB云播,t4/files/drpy_js,t4/files/drpy_js/TVB云播.js,True,192,.js,,1,1,1,0,True
385,2024-06-10 02:30:06.616497,1,2024-06-20 02:37:50.431706,1,0,橘子柚[盘],t4/files/drpy_js,t4/files/drpy_js/橘子柚[盘].js,True,379,.js,,1,1,0,0,True
196,2024-05-06 13:55:50.020422,1,2024-06-20 02:37:49.790965,1,0,新片场,t4/files/drpy_js,t4/files/drpy_js/新片场.js,True,190,.js,,1,1,1,0,True
171,2024-05-06 13:28:59.913485,1,2024-06-20 02:37:50.642087,1,0,jsrsa.min,t4/files/drpy_libs,t4/files/drpy_libs/jsrsa.min.js,True,165,.js,,1,0,0,0,True
173,2024-05-06 13:28:59.982973,1,2024-06-20 02:37:50.744089,1,0,alishare.ebook,t4/files/json,t4/files/json/alishare.ebook.txt,True,167,.txt,,1,0,0,0,True
177,2024-05-06 13:29:00.035163,1,2024-06-20 02:37:50.788793,1,0,sambashare,t4/files/json,t4/files/json/sambashare.txt,True,171,.txt,,1,0,0,0,True
197,2024-05-06 13:55:50.053701,1,2024-06-20 02:37:49.871276,1,0,cokemv,t4/files/drpy_js,t4/files/drpy_js/cokemv.js,True,191,.js,,1,1,1,0,True
183,2024-05-06 13:29:00.079010,1,2024-06-20 02:37:50.840898,1,0,wogg,t4/files/json,t4/files/json/wogg.json,True,177,.json,,1,0,0,0,True
208,2024-05-10 10:26:49.659263,1,2024-06-20 02:37:51.185112,1,0,996影视,t4/files/drpy3_js,t4/files/drpy3_js/996影视.js,True,202,.js,,1,0,0,0,True
210,2024-05-10 10:26:49.819937,1,2024-06-20 02:37:51.325339,1,0,农民影视新,t4/files/drpy3_js,t4/files/drpy3_js/农民影视新.js,True,204,.js,,1,0,0,0,True
201,2024-05-08 14:08:15.605961,1,2024-06-20 02:37:50.035698,1,0,黑料网,t4/files/drpy_js,t4/files/drpy_js/黑料网.js,True,195,.js,,1,1,0,0,True
356,2024-06-06 09:12:14.548884,1,2024-06-20 02:37:50.063008,1,0,7猫小说[书],t4/files/drpy_js,t4/files/drpy_js/7猫小说[书].js,True,350,.js,,1,1,1,0,True
203,2024-05-10 10:26:49.005740,1,2024-06-20 02:37:50.102243,1,0,磁力熊[磁],t4/files/drpy_js,t4/files/drpy_js/磁力熊[磁].js,True,197,.js,,1,1,1,0,True
176,2024-05-06 13:29:00.020434,1,2024-06-20 02:37:50.773895,1,0,geoip.dat,t4/files/json,t4/files/json/geoip.dat.gz,True,170,.gz,,1,0,0,0,True
181,2024-05-06 13:29:00.065029,1,2024-06-20 02:37:50.823890,1,0,quarkshare,t4/files/json,t4/files/json/quarkshare.txt,True,175,.txt,,1,0,0,0,True
184,2024-05-06 13:29:00.093585,1,2024-06-20 02:37:50.853591,1,0,xray,t4/files/json,t4/files/json/xray.gz,True,178,.gz,,1,0,0,0,True
346,2024-06-02 03:26:45.667193,7,2024-06-20 02:37:49.097393,1,0,阅动漫,t4/files/drpy_js,t4/files/drpy_js/阅动漫.json,True,340,.json,,1,0,0,0,True
336,2024-05-28 13:59:41.473983,1,2024-06-20 02:37:50.302216,1,0,狗狗盘[搜],t4/files/drpy_js,t4/files/drpy_js/狗狗盘[搜].js,True,330,.js,,1,1,0,0,True
187,2024-05-06 13:29:00.124080,1,2024-06-20 02:37:50.882006,1,0,白嫖筛选,t4/files/json,t4/files/json/白嫖筛选.json,True,181,.json,,1,0,0,0,True
189,2024-05-06 13:29:00.139073,1,2024-06-20 02:37:50.896500,1,0,alishare,t4/files/json,t4/files/json/alishare.txt,True,183,.txt,,1,0,0,0,True
190,2024-05-06 13:29:00.152364,1,2024-06-20 02:37:50.910585,1,0,pg,t4/files/txt,t4/files/txt/pg.conf,True,184,.conf,,1,0,0,0,True
211,2024-05-10 10:26:49.846090,1,2024-06-20 02:37:51.350361,1,0,农民影视2,t4/files/drpy3_js,t4/files/drpy3_js/农民影视2.js,True,205,.js,,1,0,0,0,True
213,2024-05-10 10:26:49.893219,1,2024-06-20 02:37:51.409677,1,0,农民影视,t4/files/drpy3_js,t4/files/drpy3_js/农民影视.js,True,207,.js,,1,0,0,0,True
202,2024-05-09 11:39:58.476424,1,2024-06-20 02:37:49.878290,1,0,七年影视,t4/files/drpy_js,t4/files/drpy_js/七年影视.js,True,196,.js,,1,1,1,0,True
161,2024-05-06 13:28:59.717584,1,2024-06-20 02:37:50.190601,1,0,大米星球[V2],t4/files/drpy_js,t4/files/drpy_js/大米星球[V2].js,True,155,.js,,1,1,1,0,True
168,2024-05-06 13:28:59.871728,1,2024-06-20 02:37:50.594406,1,0,pako.min,t4/files/drpy_libs,t4/files/drpy_libs/pako.min.js,True,162,.js,,1,0,0,0,True
206,2024-05-10 10:26:49.243402,1,2024-06-20 02:37:50.657273,1,0,node-rsa,t4/files/drpy_libs,t4/files/drpy_libs/node-rsa.js,True,200,.js,,1,0,0,0,True
179,2024-05-06 13:29:00.049625,1,2024-06-20 02:37:50.802587,1,0,pikpakclass,t4/files/json,t4/files/json/pikpakclass.json,True,173,.json,,1,0,0,0,True
123,2024-03-10 11:22:54.586467,1,2024-06-20 02:37:51.501291,1,0,朱古力,t4/files/drpy3_js,t4/files/drpy3_js/朱古力.js,True,117,.js,,1,0,0,0,True
207,2024-05-10 10:26:49.612448,1,2024-06-20 02:37:51.112003,1,0,node-rsa,t4/files/drpy3_libs,t4/files/drpy3_libs/node-rsa.js,True,201,.js,,1,0,0,0,True
200,2024-05-08 14:08:15.453814,1,2024-06-20 02:37:49.535710,1,0,侠客影视,t4/files/drpy_js,t4/files/drpy_js/侠客影视.js,True,194,.js,,1,1,1,0,True
212,2024-05-10 10:26:49.886989,1,2024-06-20 02:37:51.398443,1,0,heiliao,t4/files/drpy3_js,t4/files/drpy3_js/heiliao.js,True,206,.js,,1,0,0,0,True
195,2024-05-06 13:29:00.582180,1,2024-06-20 02:37:51.454243,1,0,去广告测试源1,t4/files/drpy3_js,t4/files/drpy3_js/去广告测试源1.js,True,189,.js,,1,0,0,0,True
367,2024-06-09 11:52:40.197544,1,2024-06-20 02:37:49.618180,1,0,播客[听],t4/files/drpy_js,t4/files/drpy_js/播客[听].js,True,361,.js,,1,0,0,0,True
209,2024-05-10 10:26:49.697753,1,2024-06-20 02:37:51.215491,1,0,小蚂蚁资源,t4/files/drpy3_js,t4/files/drpy3_js/小蚂蚁资源.js,True,203,.js,,1,0,0,0,True
194,2024-05-06 13:29:00.551685,1,2024-06-20 02:37:51.390660,1,0,去广告测试源,t4/files/drpy3_js,t4/files/drpy3_js/去广告测试源.js,True,188,.js,,1,0,0,0,True
214,2024-05-10 10:26:49.905089,1,2024-06-20 02:37:51.431145,1,0,小蚂蚁资源2,t4/files/drpy3_js,t4/files/drpy3_js/小蚂蚁资源2.js,True,208,.js,,1,0,0,0,True
366,2024-06-09 11:52:39.898976,1,2024-06-20 02:37:49.235874,1,0,i275听书[听],t4/files/drpy_js,t4/files/drpy_js/i275听书[听].js,True,360,.js,,1,1,1,0,True
26,2024-02-01 14:31:22.135010,1,2024-06-20 02:37:50.492475,1,0,alist.min,t4/files/drpy_libs,t4/files/drpy_libs/alist.min.js,True,26,.js,,1,0,0,0,True
240,2024-05-15 01:58:31.449202,1,2024-06-20 02:37:49.251711,1,0,腾云驾雾[官],t4/files/drpy_js,t4/files/drpy_js/腾云驾雾[官].js,True,234,.js,,1,1,1,0,True
245,2024-05-15 01:58:31.499947,1,2024-06-20 02:37:49.311352,1,0,网飞猫[优],t4/files/drpy_js,t4/files/drpy_js/网飞猫[优].js,True,239,.js,,1,1,1,0,True
229,2024-05-14 08:53:58.667963,1,2024-06-20 02:37:49.270205,1,0,宝片视频,t4/files/drpy_js,t4/files/drpy_js/宝片视频.js,True,223,.js,,1,1,0,0,True
242,2024-05-15 01:58:31.476547,1,2024-06-20 02:37:49.292735,1,0,奇珍异兽[官],t4/files/drpy_js,t4/files/drpy_js/奇珍异兽[官].js,True,236,.js,,1,1,1,0,True
243,2024-05-15 01:58:31.482593,1,2024-06-20 02:37:49.298757,1,0,百忙无果[官],t4/files/drpy_js,t4/files/drpy_js/百忙无果[官].js,True,237,.js,,1,1,1,0,True
244,2024-05-15 01:58:31.489285,1,2024-06-20 02:37:49.304249,1,0,阿里土豆[盘],t4/files/drpy_js,t4/files/drpy_js/阿里土豆[盘].js,True,238,.js,,1,1,0,0,True
246,2024-05-15 01:58:31.507728,1,2024-06-20 02:37:49.351465,1,0,我的哔哩[官],t4/files/drpy_js,t4/files/drpy_js/我的哔哩[官].js,True,240,.js,,1,1,1,0,True
248,2024-05-15 01:58:31.521310,1,2024-06-20 02:37:49.412582,1,0,南瓜影视[优],t4/files/drpy_js,t4/files/drpy_js/南瓜影视[优].js,True,242,.js,,1,1,1,0,True
249,2024-05-15 01:58:31.534817,1,2024-06-20 02:37:49.455335,1,0,量子资源[资],t4/files/drpy_js,t4/files/drpy_js/量子资源[资].js,True,243,.js,,1,1,0,1,True
286,2024-05-16 08:22:11.958736,1,2024-06-20 02:37:49.488500,1,0,人人影视,t4/files/drpy_js,t4/files/drpy_js/人人影视.js,True,280,.js,,1,1,0,0,True
292,2024-05-16 17:25:50.916046,1,2024-06-20 02:37:49.507600,1,0,美益达,t4/files/drpy_js,t4/files/drpy_js/美益达.js,True,286,.js,,1,1,1,0,True
295,2024-05-18 06:05:14.450418,1,2024-06-20 02:37:49.625233,1,0,夕云影视,t4/files/drpy_js,t4/files/drpy_js/夕云影视.js,True,289,.js,,1,1,1,0,True
296,2024-05-18 06:05:14.618028,1,2024-06-20 02:37:50.047977,1,0,420电影院,t4/files/drpy_js,t4/files/drpy_js/420电影院.js,True,290,.js,,1,1,1,0,True
253,2024-05-15 01:58:31.572212,1,2024-06-20 02:37:49.649220,1,0,农民影视[优],t4/files/drpy_js,t4/files/drpy_js/农民影视[优].js,True,247,.js,,1,1,1,0,True
254,2024-05-15 01:58:31.578394,1,2024-06-20 02:37:49.663164,1,0,爱看机器人[虫],t4/files/drpy_js,t4/files/drpy_js/爱看机器人[虫].js,True,248,.js,,1,1,1,0,True
220,2024-05-11 14:54:31.110198,1,2024-06-20 02:37:50.165411,1,0,海外剧汇,t4/files/drpy_js,t4/files/drpy_js/海外剧汇.js,True,214,.js,,1,1,1,0,True
255,2024-05-15 01:58:31.584287,1,2024-06-20 02:37:49.671187,1,0,量子影视[资],t4/files/drpy_js,t4/files/drpy_js/量子影视[资].js,True,249,.js,,1,1,1,0,True
232,2024-05-14 17:57:11.826070,1,2024-06-20 02:37:49.500566,1,0,看57,t4/files/drpy_js,t4/files/drpy_js/看57.js,True,226,.js,,1,1,0,0,True
335,2024-05-28 13:59:41.437055,1,2024-06-20 02:37:50.217721,1,0,小站盘[搜],t4/files/drpy_js,t4/files/drpy_js/小站盘[搜].js,True,329,.js,,1,1,0,0,True
231,2024-05-14 08:53:58.961908,1,2024-06-20 02:37:50.351574,1,0,新茶杯狐,t4/files/drpy_js,t4/files/drpy_js/新茶杯狐.js,True,225,.js,,1,1,1,0,True
289,2024-05-16 08:22:12.301865,1,2024-06-20 02:37:50.416839,1,0,HDmoli,t4/files/drpy_js,t4/files/drpy_js/HDmoli.js,True,283,.js,,1,1,0,0,True
221,2024-05-11 14:54:31.185329,1,2024-06-20 02:37:50.453738,1,0,美剧星球,t4/files/drpy_js,t4/files/drpy_js/美剧星球.js,True,215,.js,,1,1,1,0,True
219,2024-05-11 14:54:30.828510,1,2024-06-20 02:37:48.914522,1,0,千神影视,t4/files/drpy_js,t4/files/drpy_js/千神影视.js,True,213,.js,,1,1,1,0,True
234,2024-05-15 01:58:31.384629,1,2024-06-20 02:37:48.929218,1,0,极客资源[资],t4/files/drpy_js,t4/files/drpy_js/极客资源[资].js,True,228,.js,,1,1,0,1,True
235,2024-05-15 01:58:31.392104,1,2024-06-20 02:37:48.941875,1,0,ok资源[资],t4/files/drpy_js,t4/files/drpy_js/ok资源[资].js,True,229,.js,,1,1,0,1,True
222,2024-05-11 18:12:59.678594,1,2024-06-20 02:37:48.969508,1,0,橙汁影视,t4/files/drpy_js,t4/files/drpy_js/橙汁影视.js,True,216,.js,,1,0,1,0,True
280,2024-05-16 08:22:11.751243,1,2024-06-20 02:37:48.976051,1,0,酷客影视,t4/files/drpy_js,t4/files/drpy_js/酷客影视.js,True,274,.js,,1,1,0,0,True
281,2024-05-16 08:22:11.767275,1,2024-06-20 02:37:49.003233,1,0,热播之家,t4/files/drpy_js,t4/files/drpy_js/热播之家.js,True,275,.js,,1,1,1,0,True
237,2024-05-15 01:58:31.411685,1,2024-06-20 02:37:49.048569,1,0,卧龙资源[资],t4/files/drpy_js,t4/files/drpy_js/卧龙资源[资].js,True,231,.js,,1,1,0,1,True
294,2024-05-18 06:05:14.243261,1,2024-06-20 02:37:49.055210,1,0,即看影视,t4/files/drpy_js,t4/files/drpy_js/即看影视.js,True,288,.js,,1,1,0,0,True
323,2024-05-26 11:05:14.160990,1,2024-06-20 02:37:49.083416,1,0,短剧天堂,t4/files/drpy_js,t4/files/drpy_js/短剧天堂.js,True,317,.js,,1,1,1,1,True
250,2024-05-15 01:58:31.553866,1,2024-06-20 02:37:49.541777,1,0,烧火影视[优],t4/files/drpy_js,t4/files/drpy_js/烧火影视[优].js,True,244,.js,,1,0,1,0,True
238,2024-05-15 01:58:31.429988,1,2024-06-20 02:37:49.196791,1,0,非凡资源[资],t4/files/drpy_js,t4/files/drpy_js/非凡资源[资].js,True,232,.js,,1,1,0,1,True
241,2024-05-15 01:58:31.470023,1,2024-06-20 02:37:49.276867,1,0,360影视[官],t4/files/drpy_js,t4/files/drpy_js/360影视[官].js,True,235,.js,,1,1,1,0,True
251,2024-05-15 01:58:31.560381,1,2024-06-20 02:37:49.568380,1,0,可可影视[优],t4/files/drpy_js,t4/files/drpy_js/可可影视[优].js,True,245,.js,,1,1,1,0,True
256,2024-05-15 01:58:31.595797,1,2024-06-20 02:37:49.688123,1,0,暴风资源[资],t4/files/drpy_js,t4/files/drpy_js/暴风资源[资].js,True,250,.js,,1,1,0,1,True
257,2024-05-15 01:58:31.601263,1,2024-06-20 02:37:49.694692,1,0,豆瓣[官],t4/files/drpy_js,t4/files/drpy_js/豆瓣[官].js,True,251,.js,?render=1,1,1,1,1,True
239,2024-05-15 01:58:31.435847,1,2024-06-20 02:37:49.209640,1,0,素白白[优],t4/files/drpy_js,t4/files/drpy_js/素白白[优].js,True,233,.js,,1,1,1,0,True
454,2024-06-17 16:35:37.847294,1,2024-06-20 02:37:50.108471,1,0,包子漫画[画],t4/files/drpy_js,t4/files/drpy_js/包子漫画[画].js,True,448,.js,,1,1,1,0,True
419,2024-06-15 06:37:46.712731,1,2024-06-20 02:37:50.393273,1,0,速播小屋,t4/files/drpy_js,t4/files/drpy_js/速播小屋.js,True,413,.js,,1,1,1,0,True
420,2024-06-15 06:37:46.766840,1,2024-06-20 02:37:50.446544,1,0,iku喵[资],t4/files/drpy_js,t4/files/drpy_js/iku喵[资].js,True,414,.js,,1,1,0,1,True
236,2024-05-15 01:58:31.405593,1,2024-06-20 02:37:49.040589,1,0,索尼资源[资],t4/files/drpy_js,t4/files/drpy_js/索尼资源[资].js,True,230,.js,,1,1,0,1,True
443,2024-06-17 16:35:37.514011,1,2024-06-20 02:37:49.745790,1,0,哔哩直播[官],t4/files/drpy_js,t4/files/drpy_js/哔哩直播[官].js,True,437,.js,,1,1,1,0,True
425,2024-06-17 10:13:18.538922,1,2024-06-20 02:37:49.822307,1,0,JRKAN直播,t4/files/drpy_js,t4/files/drpy_js/JRKAN直播.js,True,419,.js,,1,1,0,0,True
370,2024-06-09 11:52:40.571796,1,2024-06-20 02:37:50.145319,1,0,有声绘本网[听],t4/files/drpy_js,t4/files/drpy_js/有声绘本网[听].js,True,364,.js,,1,1,0,0,True
460,2024-06-17 16:35:38.153135,1,2024-06-20 02:37:50.477833,1,0,星辰[优],t4/files/drpy_js,t4/files/drpy_js/星辰[优].js,True,454,.js,,1,1,1,0,True
205,2024-05-10 10:26:49.188664,1,2024-06-20 02:37:50.586444,1,0,test_node_rsa,t4/files/drpy_libs,t4/files/drpy_libs/test_node_rsa.mjs,True,199,.mjs,,1,0,0,0,True
324,2024-05-26 11:05:14.239308,1,2024-06-20 02:37:49.227151,1,0,飘花影院,t4/files/drpy_js,t4/files/drpy_js/飘花影院.js,True,318,.js,,1,1,0,0,True
169,2024-05-06 13:28:59.878600,1,2024-06-20 02:37:50.605328,1,0,jsrsa,t4/files/drpy_libs,t4/files/drpy_libs/jsrsa.js,True,163,.js,,1,0,0,0,True
115,2024-03-10 11:22:54.545975,1,2024-06-20 02:37:51.540782,1,0,template,t4/files/drpy3_js,t4/files/drpy3_js/template.js,False,109,.js,,1,0,0,0,True
259,2024-05-15 01:58:31.644751,1,2024-06-20 02:37:49.835316,1,0,LIBVIO[优],t4/files/drpy_js,t4/files/drpy_js/LIBVIO[优].js,True,253,.js,,1,1,1,0,True
368,2024-06-09 11:52:40.396283,1,2024-06-20 02:37:49.864490,1,0,爱上你听书网[听],t4/files/drpy_js,t4/files/drpy_js/爱上你听书网[听].js,True,362,.js,,1,1,0,0,True
321,2024-05-25 15:45:01.805493,1,2024-06-20 02:37:50.184566,1,0,如意影视,t4/files/drpy_js,t4/files/drpy_js/如意影视.js,True,315,.js,,1,1,1,0,True
413,2024-06-15 06:37:45.717468,1,2024-06-20 02:37:49.318066,1,0,大师兄影视[优],t4/files/drpy_js,t4/files/drpy_js/大师兄影视[优].js,True,407,.js,,1,1,1,0,True
455,2024-06-17 16:35:37.940256,1,2024-06-20 02:37:50.226284,1,0,古风漫画[画],t4/files/drpy_js,t4/files/drpy_js/古风漫画[画].js,True,449,.js,,1,1,1,0,True
456,2024-06-17 16:35:37.953160,1,2024-06-20 02:37:50.242599,1,0,七色番[漫],t4/files/drpy_js,t4/files/drpy_js/七色番[漫].js,True,450,.js,,1,1,1,0,True
416,2024-06-15 06:37:46.295242,1,2024-06-20 02:37:49.891834,1,0,剧集TV,t4/files/drpy_js,t4/files/drpy_js/剧集TV.js,True,410,.js,,1,1,0,0,True
158,2024-05-06 13:28:59.675887,1,2024-06-20 02:37:49.911217,1,0,777影视,t4/files/drpy_js,t4/files/drpy_js/777影视.js,True,152,.js,,1,1,1,0,True
325,2024-05-26 11:05:14.346694,1,2024-06-20 02:37:49.371329,1,0,我播,t4/files/drpy_js,t4/files/drpy_js/我播.js,True,319,.js,,1,1,0,0,True
227,2024-05-12 19:13:04.299039,1,2024-06-20 02:37:49.956943,1,0,掌心世界,t4/files/drpy_js,t4/files/drpy_js/掌心世界.js,True,221,.js,,1,1,1,0,True
371,2024-06-09 11:52:40.670239,1,2024-06-20 02:37:50.258990,1,0,博看听书[听],t4/files/drpy_js,t4/files/drpy_js/博看听书[听].js,True,365,.js,,1,1,0,0,True
382,2024-06-09 18:53:00.907928,1,2024-06-20 02:37:50.365718,1,0,顶点小说2[书],t4/files/drpy_js,t4/files/drpy_js/顶点小说2[书].js,True,376,.js,,1,1,1,0,True
458,2024-06-17 16:35:38.067755,1,2024-06-20 02:37:50.382871,1,0,有声听书网[听],t4/files/drpy_js,t4/files/drpy_js/有声听书网[听].js,True,452,.js,,1,1,1,0,True
397,2024-06-13 04:47:01.213620,1,2024-06-20 02:37:48.935519,1,0,剧圈圈[自动],t4/files/drpy_js,t4/files/drpy_js/剧圈圈[自动].js,True,391,.js,,1,1,1,0,True
275,2024-05-15 10:03:27.285611,1,2024-06-20 02:37:48.989107,1,0,时光影院,t4/files/drpy_js,t4/files/drpy_js/时光影院.js,True,269,.js,,1,1,0,0,True
247,2024-05-15 01:58:31.514489,1,2024-06-20 02:37:49.406164,1,0,金鹰资源[资],t4/files/drpy_js,t4/files/drpy_js/金鹰资源[资].js,True,241,.js,,1,1,0,1,True
326,2024-05-26 11:05:14.399292,1,2024-06-20 02:37:49.481986,1,0,想看影院,t4/files/drpy_js,t4/files/drpy_js/想看影院.js,True,320,.js,,1,1,0,0,True
465,2024-06-18 16:03:22.703250,1,2024-06-20 02:37:49.522177,1,0,刺猬影视,t4/files/drpy_js,t4/files/drpy_js/刺猬影视.js,True,459,.js,,1,1,0,0,True
450,2024-06-17 16:35:37.714918,1,2024-06-20 02:37:49.964736,1,0,58动漫[漫],t4/files/drpy_js,t4/files/drpy_js/58动漫[漫].js,True,444,.js,,1,1,1,0,True
218,2024-05-10 18:07:08.078221,1,2024-06-20 02:37:50.019910,1,0,可达影视,t4/files/drpy_js,t4/files/drpy_js/可达影视.js,True,212,.js,,1,1,1,0,True
327,2024-05-26 11:05:14.471144,1,2024-06-20 02:37:49.583233,1,0,小鱼影视,t4/files/drpy_js,t4/files/drpy_js/小鱼影视.js,True,321,.js,,1,1,0,0,True
391,2024-06-11 10:48:33.764903,1,2024-06-20 02:37:49.702050,1,0,我看书斋[书],t4/files/drpy_js,t4/files/drpy_js/我看书斋[书].js,True,385,.js,,1,1,1,0,True
400,2024-06-13 09:30:12.734734,1,2024-06-20 02:37:49.383696,1,0,29片库[密],t4/files/drpy_js,t4/files/drpy_js/29片库[密].js,True,394,.js,,1,1,1,0,True
414,2024-06-15 06:37:45.820416,1,2024-06-20 02:37:49.433981,1,0,看戏网,t4/files/drpy_js,t4/files/drpy_js/看戏网.js,True,408,.js,,1,1,0,0,True
404,2024-06-13 09:30:13.762238,1,2024-06-20 02:37:50.461422,1,0,乐草TV[密],t4/files/drpy_js,t4/files/drpy_js/乐草TV[密].js,True,398,.js,,1,1,1,0,True
373,2024-06-09 11:52:40.785964,1,2024-06-20 02:37:50.469104,1,0,有声小说吧[听],t4/files/drpy_js,t4/files/drpy_js/有声小说吧[听].js,True,367,.js,,1,1,0,0,True
359,2024-06-07 10:19:39.557702,1,2024-06-20 02:37:49.548672,1,0,蜡笔[盘],t4/files/drpy_js,t4/files/drpy_js/蜡笔[盘].js,True,353,.js,,1,1,0,0,True
300,2024-05-22 15:37:30.492070,1,2024-06-20 02:37:49.561686,1,0,茶语资源[资],t4/files/drpy_js,t4/files/drpy_js/茶语资源[资].js,True,294,.js,,1,1,0,1,True
341,2024-05-29 09:43:51.239377,1,2024-06-20 02:37:50.485775,1,0,蚂蚁影视,t4/files/drpy_js,t4/files/drpy_js/蚂蚁影视.js,True,335,.js,,1,1,0,0,True
305,2024-05-22 15:37:31.081034,1,2024-06-20 02:37:50.714236,1,0,jsonpathplus.min,t4/files/drpy_libs,t4/files/drpy_libs/jsonpathplus.min.js,True,299,.js,,1,0,0,0,True
252,2024-05-15 01:58:31.566244,1,2024-06-20 02:37:49.632354,1,0,魔都资源[资],t4/files/drpy_js,t4/files/drpy_js/魔都资源[资].js,True,246,.js,,1,1,0,1,True
297,2024-05-19 02:54:49.604439,1,2024-06-20 02:37:50.729222,1,0,tokenm.readme,t4/files/json,t4/files/json/tokenm.readme.txt,True,291,.txt,,1,0,0,0,True
298,2024-05-19 02:54:49.850996,1,2024-06-20 02:37:50.971429,1,0,pg.jar,t4/files/jar,t4/files/jar/pg.jar.md5,True,292,.md5,,1,0,0,0,True
258,2024-05-15 01:58:31.638360,1,2024-06-20 02:37:49.809096,1,0,玩偶哥哥[盘],t4/files/drpy_js,t4/files/drpy_js/玩偶哥哥[盘].js,True,252,.js,,1,1,0,0,True
261,2024-05-15 01:58:31.674151,1,2024-06-20 02:37:49.885116,1,0,花子动漫[漫],t4/files/drpy_js,t4/files/drpy_js/花子动漫[漫].js,True,255,.js,,1,1,0,0,True
417,2024-06-15 06:37:46.302582,1,2024-06-20 02:37:49.898577,1,0,一起看[优],t4/files/drpy_js,t4/files/drpy_js/一起看[优].js,True,411,.js,,1,0,1,0,True
224,2024-05-11 18:13:00.525395,1,2024-06-20 02:37:51.152020,1,0,白嫖影视,t4/files/drpy3_js,t4/files/drpy3_js/白嫖影视.js,True,218,.js,,1,0,0,0,True
401,2024-06-13 09:30:13.409227,1,2024-06-20 02:37:50.041980,1,0,草莓秒播[密],t4/files/drpy_js,t4/files/drpy_js/草莓秒播[密].js,True,395,.js,,1,1,1,0,True
398,2024-06-13 09:30:12.352712,1,2024-06-20 02:37:49.090247,1,0,黑料不打烊[密],t4/files/drpy_js,t4/files/drpy_js/黑料不打烊[密].js,True,392,.js,,1,1,0,0,True
402,2024-06-13 09:30:13.440049,1,2024-06-20 02:37:50.070441,1,0,绿色仓库[密],t4/files/drpy_js,t4/files/drpy_js/绿色仓库[密].js,True,396,.js,,1,1,0,0,True
392,2024-06-12 02:16:52.993479,1,2024-06-20 02:37:49.172453,1,0,一点视频[密],t4/files/drpy_js,t4/files/drpy_js/一点视频[密].js,True,386,.js,,1,1,1,0,True
399,2024-06-13 09:30:12.582083,1,2024-06-20 02:37:49.284906,1,0,爱爱影院[密],t4/files/drpy_js,t4/files/drpy_js/爱爱影院[密].js,True,393,.js,,1,1,1,0,True
426,2024-06-17 10:13:18.768409,1,2024-06-20 02:37:50.089820,1,0,追剧兔,t4/files/drpy_js,t4/files/drpy_js/追剧兔.js,True,420,.js,,1,1,0,0,True
262,2024-05-15 01:58:31.742532,1,2024-06-20 02:37:50.158834,1,0,优酷[官],t4/files/drpy_js,t4/files/drpy_js/优酷[官].js,True,256,.js,,1,1,1,0,True
277,2024-05-15 10:03:27.706182,1,2024-06-20 02:37:50.175178,1,0,皮皮影视,t4/files/drpy_js,t4/files/drpy_js/皮皮影视.js,True,271,.js,,1,1,0,0,True
263,2024-05-15 01:58:31.767816,1,2024-06-20 02:37:50.204647,1,0,哔哩影视[官],t4/files/drpy_js,t4/files/drpy_js/哔哩影视[官].js,True,257,.js,?render=1,1,1,1,0,True
265,2024-05-15 01:58:31.787494,1,2024-06-20 02:37:50.278290,1,0,极速资源[资],t4/files/drpy_js,t4/files/drpy_js/极速资源[资].js,True,259,.js,,1,1,0,1,True
466,2024-06-19 03:46:08.104083,1,2024-06-20 02:37:50.342401,1,0,文才[资],t4/files/drpy_js,t4/files/drpy_js/文才[资].js,True,460,.js,,1,1,1,1,True
303,2024-05-22 15:37:30.927020,1,2024-06-20 02:37:50.555498,1,0,jinja.min,t4/files/drpy_libs,t4/files/drpy_libs/jinja.min.js,True,297,.js,,1,0,0,0,True
375,2024-06-09 16:28:15.749009,1,2024-06-20 02:37:48.996609,1,0,顶点小说[书],t4/files/drpy_js,t4/files/drpy_js/顶点小说[书].js,True,369,.js,,1,1,1,0,True
301,2024-05-22 15:37:30.714152,1,2024-06-20 02:37:50.125942,1,0,电影先生,t4/files/drpy_js,t4/files/drpy_js/电影先生.js,True,295,.js,,1,1,0,0,True
304,2024-05-22 15:37:30.945724,1,2024-06-20 02:37:50.579269,1,0,jinja,t4/files/drpy_libs,t4/files/drpy_libs/jinja.js,True,298,.js,,1,0,0,0,True
230,2024-05-14 08:53:58.895365,1,2024-06-20 02:37:50.138028,1,0,易看影视,t4/files/drpy_js,t4/files/drpy_js/易看影视.js,True,224,.js,,1,1,0,0,True
306,2024-05-23 10:17:08.251026,1,2024-06-20 02:37:49.134924,1,0,新视觉,t4/files/drpy_js,t4/files/drpy_js/新视觉.js,True,300,.js,,1,1,0,0,True
260,2024-05-15 01:58:31.649950,1,2024-06-20 02:37:49.851548,1,0,兔小贝[儿],t4/files/drpy_js,t4/files/drpy_js/兔小贝[儿].js,True,254,.js,,1,1,0,0,True
360,2024-06-07 11:27:00.043484,1,2024-06-20 02:37:49.922737,1,0,虾酱追剧,t4/files/drpy_js,t4/files/drpy_js/虾酱追剧.js,True,354,.js,,1,1,1,0,True
217,2024-05-10 18:07:08.061654,1,2024-06-20 02:37:49.935600,1,0,一起看,t4/files/drpy_js,t4/files/drpy_js/一起看.js,True,211,.js,,1,0,1,0,True
408,2024-06-14 11:29:46.047840,1,2024-06-20 02:37:49.949822,1,0,地瓜视频[密],t4/files/drpy_js,t4/files/drpy_js/地瓜视频[密].js,True,402,.js,,1,1,1,0,True
421,2024-06-15 07:26:03.613655,1,2024-06-20 02:37:49.263912,1,0,天天影视,t4/files/drpy_js,t4/files/drpy_js/天天影视.js,True,415,.js,,1,1,1,0,True
339,2024-05-29 09:43:50.994075,1,2024-06-20 02:37:49.985881,1,0,暖光影视,t4/files/drpy_js,t4/files/drpy_js/暖光影视.js,True,333,.js,,1,1,0,0,True
313,2024-05-24 11:27:11.648413,1,2024-06-20 02:37:49.994359,1,0,首发网,t4/files/drpy_js,t4/files/drpy_js/首发网.js,True,307,.js,,1,0,1,0,True
409,2024-06-14 11:29:46.086636,1,2024-06-20 02:37:50.008492,1,0,神仙影视,t4/files/drpy_js,t4/files/drpy_js/神仙影视.js,True,403,.js,,1,1,1,0,True
293,2024-05-17 03:38:35.402028,1,2024-06-20 02:37:50.197937,1,0,干饭影视,t4/files/drpy_js,t4/files/drpy_js/干饭影视.js,True,287,.js,,1,1,1,0,True
307,2024-05-24 05:50:49.019486,1,2024-06-20 02:37:50.211268,1,0,4k剧院,t4/files/drpy_js,t4/files/drpy_js/4k剧院.js,True,301,.js,,1,1,1,0,True
264,2024-05-15 01:58:31.781694,1,2024-06-20 02:37:50.250135,1,0,菜狗[官],t4/files/drpy_js,t4/files/drpy_js/菜狗[官].js,True,258,.js,,1,1,1,0,True
310,2024-05-24 11:27:11.379690,1,2024-06-20 02:37:49.419091,1,0,往往影视[慢],t4/files/drpy_js,t4/files/drpy_js/往往影视[慢].js,True,304,.js,,1,1,0,0,True
299,2024-05-22 15:37:30.454440,1,2024-06-20 02:37:49.515047,1,0,8号影院,t4/files/drpy_js,t4/files/drpy_js/8号影院.js,True,293,.js,,1,1,0,0,True
403,2024-06-13 09:30:13.629543,1,2024-06-20 02:37:50.267522,1,0,Pornhub[密],t4/files/drpy_js,t4/files/drpy_js/Pornhub[密].js,True,397,.js,,1,1,1,0,True
233,2024-05-15 01:58:31.371139,1,2024-06-20 02:37:48.891666,1,0,神马电影[搜],t4/files/drpy_js,t4/files/drpy_js/神马电影[搜].js,True,227,.js,,1,1,0,0,True
290,2024-05-16 10:22:36.277247,1,2024-06-20 02:37:48.904939,1,0,4khdr,t4/files/drpy_js,t4/files/drpy_js/4khdr.js,True,284,.js,,1,1,0,1,True
311,2024-05-24 11:27:11.451805,1,2024-06-20 02:37:49.555043,1,0,爱看影院,t4/files/drpy_js,t4/files/drpy_js/爱看影院.js,True,305,.js,,1,1,0,0,True
406,2024-06-14 11:29:44.984180,1,2024-06-20 02:37:48.922744,1,0,星辰CT,t4/files/drpy_js,t4/files/drpy_js/星辰CT.js,True,400,.js,,1,1,0,0,True
309,2024-05-24 11:27:11.179552,1,2024-06-20 02:37:48.948665,1,0,魔方影视,t4/files/drpy_js,t4/files/drpy_js/魔方影视.js,True,303,.js,,1,1,0,0,True
278,2024-05-15 14:55:44.720454,1,2024-06-20 02:37:49.680371,1,0,影视看吧,t4/files/drpy_js,t4/files/drpy_js/影视看吧.js,True,272,.js,,1,1,1,0,True
427,2024-06-17 15:02:35.132518,1,2024-06-20 02:37:49.717022,1,0,无插件直播,t4/files/drpy_js,t4/files/drpy_js/无插件直播.js,True,421,.js,,1,1,0,0,True
312,2024-05-24 11:27:11.568540,1,2024-06-20 02:37:49.800064,1,0,一号影院[搜],t4/files/drpy_js,t4/files/drpy_js/一号影院[搜].js,True,306,.js,,1,1,0,0,True
461,2024-06-17 16:45:34.704071,1,2024-06-20 02:37:50.054466,1,0,飞刀资源[资],t4/files/drpy_js,t4/files/drpy_js/飞刀资源[资].js,True,455,.js,,1,1,0,1,True
462,2024-06-17 16:45:34.767140,1,2024-06-20 02:37:50.114733,1,0,我的哔哩传参[官],t4/files/drpy_js,t4/files/drpy_js/我的哔哩传参[官].js,True,456,.js,,1,1,1,0,True
266,2024-05-15 01:58:31.798737,1,2024-06-20 02:37:50.325112,1,0,荐片[优],t4/files/drpy_js,t4/files/drpy_js/荐片[优].js,True,260,.js,,1,1,1,0,True
351,2024-06-04 16:02:34.463798,1,2024-06-20 02:37:48.963432,1,0,短剧在线,t4/files/drpy_js,t4/files/drpy_js/短剧在线.js,True,345,.js,,1,1,0,0,True
302,2024-05-22 15:37:30.839785,1,2024-06-20 02:37:50.333791,1,0,鸭奈飞影视,t4/files/drpy_js,t4/files/drpy_js/鸭奈飞影视.js,True,296,.js,,1,1,1,0,True
340,2024-05-29 09:43:51.225532,1,2024-06-20 02:37:50.439407,1,0,被窝电影,t4/files/drpy_js,t4/files/drpy_js/被窝电影.js,True,334,.js,,1,1,1,0,True
378,2024-06-09 18:53:00.029263,1,2024-06-20 02:37:49.141527,1,0,丫丫电子书[书],t4/files/drpy_js,t4/files/drpy_js/丫丫电子书[书].js,True,372,.js,,1,1,1,0,True
314,2024-05-24 15:02:58.712225,1,2024-06-20 02:37:49.202979,1,0,星辰影视,t4/files/drpy_js,t4/files/drpy_js/星辰影视.js,True,308,.js,,1,1,0,0,True
464,2024-06-18 16:03:22.408803,1,2024-06-20 02:37:49.217228,1,0,路视频[密],t4/files/drpy_js,t4/files/drpy_js/路视频[密].js,True,458,.js,,1,1,1,0,True
405,2024-06-13 09:57:03.147083,1,2024-06-20 02:37:49.324765,1,0,酷云影视,t4/files/drpy_js,t4/files/drpy_js/酷云影视.js,True,399,.js,,1,1,1,0,True
352,2024-06-04 16:02:34.722625,1,2024-06-20 02:37:49.365277,1,0,哈皮影视[优],t4/files/drpy_js,t4/files/drpy_js/哈皮影视[优].js,True,346,.js,,1,1,1,0,True
353,2024-06-04 16:02:34.734751,1,2024-06-20 02:37:49.377072,1,0,笔趣阁[书],t4/files/drpy_js,t4/files/drpy_js/笔趣阁[书].js,True,347,.js,,1,1,1,0,True
407,2024-06-14 11:29:45.629384,1,2024-06-20 02:37:49.529226,1,0,爱迪[自动],t4/files/drpy_js,t4/files/drpy_js/爱迪[自动].js,True,401,.js,,1,1,1,0,True
315,2024-05-24 15:02:58.934514,1,2024-06-20 02:37:49.594901,1,0,大中国,t4/files/drpy_js,t4/files/drpy_js/大中国.js,True,309,.js,,1,1,0,0,True
394,2024-06-12 02:16:53.640653,1,2024-06-20 02:37:49.842230,1,0,九妖仓库[密],t4/files/drpy_js,t4/files/drpy_js/九妖仓库[密].js,True,388,.js,,1,1,1,0,True
422,2024-06-15 07:26:04.357302,1,2024-06-20 02:37:49.929509,1,0,九牛电影,t4/files/drpy_js,t4/files/drpy_js/九牛电影.js,True,416,.js,,1,1,0,0,True
428,2024-06-17 16:02:19.755238,1,2024-06-20 02:37:49.978208,1,0,猫视界,t4/files/drpy_js,t4/files/drpy_js/猫视界.js,True,422,.js,,1,1,0,0,True
342,2024-05-29 16:32:00.072648,1,2024-06-20 02:37:50.083183,1,0,影搜[搜],t4/files/drpy_js,t4/files/drpy_js/影搜[搜].js,True,336,.js,,1,1,0,0,True
316,2024-05-24 15:02:59.295906,1,2024-06-20 02:37:50.358703,1,0,剧圈圈,t4/files/drpy_js,t4/files/drpy_js/剧圈圈.js,True,310,.js,,1,1,0,0,True
317,2024-05-24 15:02:59.308858,1,2024-06-20 02:37:50.423967,1,0,短剧TV网,t4/files/drpy_js,t4/files/drpy_js/短剧TV网.js,True,311,.js,,1,1,0,0,True
463,2024-06-18 16:03:22.235527,1,2024-06-20 02:37:49.017920,1,0,七新电影网,t4/files/drpy_js,t4/files/drpy_js/七新电影网.js,True,457,.js,,1,1,1,0,True
